source_id,organization,title,topic,source_url,download_url,file_name,document_type,status,notes
nist_sp800_61r3,NIST,Incident Response Recommendations and Considerations for Cybersecurity Risk Management: A CSF 2.0 Community Profile,Incident Response,https://csrc.nist.gov/pubs/sp/800/61/r3/final,https://doi.org/10.6028/NIST.SP.800-61r3,nist_sp800_61r3.pdf,PDF,verified,Final publication - April 2025
nist_ir8374r1,NIST,Ransomware Risk Management: A Cybersecurity Framework 2.0 Community Profile,Ransomware,https://csrc.nist.gov/pubs/ir/8374/r1/final,https://doi.org/10.6028/NIST.IR.8374r1,nist_ir8374r1.pdf,PDF,verified,Final publication - June 2026
cisa_stopransomware,CISA,#StopRansomware Guide,Ransomware Response,https://www.cisa.gov/stopransomware/ransomware-guide,https://www.cisa.gov/stopransomware/ransomware-guide,cisa_stopransomware_guide.html,HTML,verified,Official CISA StopRansomware Guide HTML page
nist_sp800_184,NIST,Guide for Cybersecurity Event Recovery,Cybersecurity Recovery,https://csrc.nist.gov/pubs/sp/800/184/final,https://doi.org/10.6028/NIST.SP.800-184,nist_sp800_184.pdf,PDF,verified,Final publication - December 2016
nist_sp800_83r1,NIST,Guide to Malware Incident Prevention and Handling for Desktops and Laptops,Malware Incident Response,https://csrc.nist.gov/pubs/sp/800/83/r1/final,https://doi.org/10.6028/NIST.SP.800-83r1,nist_sp800_83r1.pdf,PDF,verified,Final publication - July 2013
nist_sp800_86,NIST,Guide to Integrating Forensic Techniques into Incident Response,Digital Forensics,https://csrc.nist.gov/pubs/sp/800/86/final,https://doi.org/10.6028/NIST.SP.800-86,nist_sp800_86.pdf,PDF,verified,Final publication - August 2006
nist_sp800_92,NIST,Guide to Computer Security Log Management,Security Logging,https://csrc.nist.gov/pubs/sp/800/92/final,https://doi.org/10.6028/NIST.SP.800-92,nist_sp800_92.pdf,PDF,verified,Final publication - September 2006
nist_sp800_137,NIST,Information Security Continuous Monitoring (ISCM) for Federal Information Systems and Organizations,Continuous Monitoring,https://csrc.nist.gov/pubs/sp/800/137/final,https://doi.org/10.6028/NIST.SP.800-137,nist_sp800_137.pdf,PDF,verified,Final publication - September 2011
nist_sp800_115,NIST,Technical Guide to Information Security Testing and Assessment,Security Testing and Assessment,https://csrc.nist.gov/pubs/sp/800/115/final,https://doi.org/10.6028/NIST.SP.800-115,nist_sp800_115.pdf,PDF,verified,Final publication - September 2008
nist_sp800_207,NIST,Zero Trust Architecture,Identity and Access Security,https://csrc.nist.gov/pubs/sp/800/207/final,https://doi.org/10.6028/NIST.SP.800-207,nist_sp800_207.pdf,PDF,verified,Final publication - August 2020
nist_csf2,NIST,The NIST Cybersecurity Framework (CSF) 2.0,Cybersecurity Risk Management,https://csrc.nist.gov/pubs/cswp/29/the-nist-cybersecurity-framework-csf-20/final,https://doi.org/10.6028/NIST.CSWP.29,nist_csf_2_0.pdf,PDF,verified,Final publication - February 2024
nist_sp1800_25,NIST,Data Integrity: Identifying and Protecting Assets Against Ransomware and Other Destructive Events,Ransomware Protection,https://csrc.nist.gov/pubs/sp/1800/25/final,https://doi.org/10.6028/NIST.SP.1800-25,nist_sp1800_25.pdf,PDF,verified,Final publication - December 2020
nist_sp1800_26,NIST,Data Integrity: Detecting and Responding to Ransomware and Other Destructive Events,Ransomware Detection and Response,https://csrc.nist.gov/pubs/sp/1800/26/final,https://doi.org/10.6028/NIST.SP.1800-26,nist_sp1800_26.pdf,PDF,verified,Final publication - December 2020
nist_sp1800_11,NIST,Data Integrity: Recovering from Ransomware and Other Destructive Events,Ransomware Recovery,https://csrc.nist.gov/pubs/sp/1800/11/final,https://doi.org/10.6028/NIST.SP.1800-11,nist_sp1800_11.pdf,PDF,verified,Final publication - September 2020
cisa_ir_playbook,CISA,Federal Government Cybersecurity Incident and Vulnerability Response Playbooks,Incident Response Operations,https://www.cisa.gov/topics/cybersecurity-best-practices/executive-order-improving-nations-cybersecurity,https://www.cisa.gov/sites/default/files/2024-08/Federal_Government_Cybersecurity_Incident_and_Vulnerability_Response_Playbooks_508C.pdf,cisa_incident_vulnerability_response_playbooks.pdf,PDF,verified,Official CISA incident and vulnerability response playbooks
cisa_phishing_guidance,CISA,Phishing Guidance: Stopping the Attack Cycle at Phase One,Phishing Defense,https://www.cisa.gov/,https://www.cisa.gov/sites/default/files/2023-10/Phishing%20Guidance%20-%20Stopping%20the%20Attack%20Cycle%20at%20Phase%20One_508c.pdf,cisa_phishing_guidance.pdf,PDF,verified,Joint guidance from CISA NSA FBI and MS-ISAC
owasp_logging,OWASP,Logging Cheat Sheet,Application Security Logging,https://cheatsheetseries.owasp.org/cheatsheets/Logging_Cheat_Sheet.html,https://cheatsheetseries.owasp.org/cheatsheets/Logging_Cheat_Sheet.html,owasp_logging_cheat_sheet.html,HTML,verified,Official OWASP Cheat Sheet Series
owasp_authentication,OWASP,Authentication Cheat Sheet,Authentication Security,https://cheatsheetseries.owasp.org/cheatsheets/Authentication_Cheat_Sheet.html,https://cheatsheetseries.owasp.org/cheatsheets/Authentication_Cheat_Sheet.html,owasp_authentication_cheat_sheet.html,HTML,verified,Official OWASP Cheat Sheet Series
owasp_session_management,OWASP,Session Management Cheat Sheet,Session Security,https://cheatsheetseries.owasp.org/cheatsheets/Session_Management_Cheat_Sheet.html,https://cheatsheetseries.owasp.org/cheatsheets/Session_Management_Cheat_Sheet.html,owasp_session_management_cheat_sheet.html,HTML,verified,Official OWASP Cheat Sheet Series
owasp_credential_stuffing,OWASP,Credential Stuffing Prevention Cheat Sheet,Credential Attacks,https://cheatsheetseries.owasp.org/cheatsheets/Credential_Stuffing_Prevention_Cheat_Sheet.html,https://cheatsheetseries.owasp.org/cheatsheets/Credential_Stuffing_Prevention_Cheat_Sheet.html,owasp_credential_stuffing_prevention.html,HTML,verified,Official OWASP Cheat Sheet Series
owasp_mfa,OWASP,Multifactor Authentication Cheat Sheet,Multifactor Authentication,https://cheatsheetseries.owasp.org/cheatsheets/Multifactor_Authentication_Cheat_Sheet.html,https://cheatsheetseries.owasp.org/cheatsheets/Multifactor_Authentication_Cheat_Sheet.html,owasp_multifactor_authentication.html,HTML,verified,Official OWASP Cheat Sheet Series
owasp_forgot_password,OWASP,Forgot Password Cheat Sheet,Account Recovery,https://cheatsheetseries.owasp.org/cheatsheets/Forgot_Password_Cheat_Sheet.html,https://cheatsheetseries.owasp.org/cheatsheets/Forgot_Password_Cheat_Sheet.html,owasp_forgot_password.html,HTML,verified,Official OWASP Cheat Sheet Series
owasp_rest_security,OWASP,REST Security Cheat Sheet,API Security,https://cheatsheetseries.owasp.org/cheatsheets/REST_Security_Cheat_Sheet.html,https://cheatsheetseries.owasp.org/cheatsheets/REST_Security_Cheat_Sheet.html,owasp_rest_security.html,HTML,verified,Official OWASP Cheat Sheet Series
mitre_attack_enterprise_techniques,MITRE ATT&CK,Enterprise ATT&CK STIX 2.1 Dataset,Adversary Tactics Techniques and Detection Strategies,https://github.com/mitre-attack/attack-stix-data,https://raw.githubusercontent.com/mitre-attack/attack-stix-data/master/enterprise-attack/enterprise-attack-19.2.json,mitre_enterprise_attack_19_2.json,JSON,verified,Official MITRE ATT&CK Enterprise STIX 2.1 dataset containing techniques and detection strategies
nist_sp800_150,NIST,Guide to Cyber Threat Information Sharing,Cyber Threat Intelligence,https://csrc.nist.gov/pubs/sp/800/150/final,https://doi.org/10.6028/NIST.SP.800-150,nist_sp800_150.pdf,PDF,verified,Final publication - October 2016
nist_sp800_101r1,NIST,Guidelines on Mobile Device Forensics,Mobile Device Forensics,https://csrc.nist.gov/pubs/sp/800/101/r1/final,https://doi.org/10.6028/NIST.SP.800-101r1,nist_sp800_101r1.pdf,PDF,verified,Final publication - May 2014